timestamp,ip,login_count
2026-02-16T19:07:00.000+0530,192.168.129.129,2
2026-02-16T19:08:00.000+0530,192.168.129.129,3
2026-02-17T15:12:00.000+0530,192.168.129.129,1
2026-02-17T15:13:00.000+0530,192.168.129.129,5
2026-02-17T15:20:00.000+0530,192.168.129.129,5
2026-03-15T22:27:00.000+0530,192.168.110.129,2
2026-03-15T22:29:00.000+0530,192.168.110.129,19
2026-03-15T22:30:00.000+0530,192.168.110.129,1
2026-03-18T11:28:00.000+0530,192.168.110.129,3
2026-03-20T20:42:00.000+0530,192.168.110.129,21
2026-03-20T20:43:00.000+0530,192.168.110.129,2
2026-03-20T20:44:00.000+0530,192.168.110.129,1
2026-03-20T20:45:00.000+0530,192.168.110.129,3
